N,P,K,temperature,humidity,ph,rainfall,yield,risk
119,65,56,25.52,82.7,5.72,234,6.0,High
102,33,59,30.66,73.35,7.39,106,4.5,High
80,78,28,24.69,56.99,5.77,130,4.32,High
84,52,61,26.21,80.48,5.84,198,5.08,Low
110,60,58,34.85,64.64,6.17,86,4.88,High
72,53,38,29.13,76.11,7.23,136,4.16,High
102,73,30,21.61,50.1,6.58,275,5.29,Low
78,33,77,25.94,66.66,6.06,274,5.17,Low
84,28,32,19.52,83.11,5.68,208,4.27,High
51,77,23,19.48,68.82,5.61,208,4.24,High
89,30,51,22.71,77.2,5.94,166,4.44,Low
85,47,21,24.58,62.0,7.39,174,4.04,High
113,59,79,20.47,59.8,5.69,295,6.26,High
80,64,80,26.09,67.68,6.89,130,5.06,Low
90,53,80,21.49,72.71,5.96,146,5.17,Low
70,50,61,29.95,76.0,7.12,267,5.11,Medium
102,39,76,27.68,59.01,6.37,146,4.94,Low
106,74,21,24.26,60.69,7.34,119,4.55,High
99,44,76,24.31,78.9,7.22,233,5.6,High
52,25,69,30.91,61.33,6.82,175,3.92,Medium
98,75,74,33.54,53.1,6.61,230,5.8,High
87,76,28,18.56,65.43,7.13,224,4.96,Low
91,79,29,24.41,56.36,5.84,143,4.6,Low
67,33,33,19.93,74.3,6.6,195,3.93,Low
68,35,20,31.42,61.94,6.31,299,4.16,Medium
92,54,42,32.33,79.65,6.48,151,4.68,High
62,29,47,27.19,59.75,5.54,141,3.6,High
101,44,59,28.11,63.18,6.54,214,5.1,Medium
120,37,48,32.48,66.57,6.66,103,4.6,High
77,39,54,32.15,60.25,7.39,286,4.87,High
120,80,56,26.34,65.87,6.25,84,5.35,Low
53,50,45,34.47,85.95,5.71,248,4.57,High
94,43,42,27.79,56.53,7.32,155,4.32,High
92,27,26,18.42,51.57,6.1,87,3.37,Low
109,22,63,34.73,83.03,6.76,210,5.11,High
52,61,26,27.08,53.35,5.78,201,3.86,High
96,80,64,20.46,81.65,6.11,232,5.98,Low
75,46,53,28.27,83.73,6.37,259,5.03,Medium
82,28,33,21.32,62.37,6.05,281,4.41,Low
68,76,30,31.16,75.25,6.84,278,5.04,Medium
67,46,43,24.77,50.11,7.48,248,4.34,High
118,64,33,28.29,69.74,6.97,185,5.21,Medium
120,26,46,32.89,82.86,6.49,136,4.71,High
65,33,49,31.88,53.01,6.98,127,3.62,Medium
59,42,65,26.38,76.01,6.92,172,4.39,Low
100,49,28,30.7,82.75,6.91,105,4.3,Medium
115,22,75,28.03,82.09,6.31,84,4.77,Medium
102,57,34,29.08,67.93,5.94,161,4.7,Medium
110,57,21,25.26,80.31,6.36,174,4.81,Low
117,35,37,30.23,67.37,6.19,275,5.2,Medium
92,77,30,25.06,80.04,6.78,178,5.01,Low
70,49,62,24.94,61.38,7.33,240,4.83,High
52,55,50,19.31,83.14,5.86,214,4.52,Low
114,30,43,21.37,76.62,7.26,298,5.37,High
82,25,62,23.76,76.28,7.12,107,4.11,Low
94,52,20,26.82,51.18,6.13,161,4.08,Low
64,29,58,26.55,62.84,6.93,100,3.65,Low
112,71,75,18.05,84.55,6.31,213,6.21,Low
89,32,21,23.05,88.29,7.4,218,4.34,High
54,61,70,34.23,86.25,6.23,184,4.87,High
51,24,69,29.38,60.57,7.37,138,3.7,High
52,80,71,31.16,54.54,5.53,285,5.35,High
85,40,35,33.87,72.54,6.25,144,4.11,High
53,54,44,33.18,85.46,7.29,197,4.36,High
58,70,28,25.18,59.93,7.17,297,4.68,Low
67,40,34,18.64,54.11,7.49,155,3.67,High
118,29,47,25.73,81.82,6.78,193,5.02,Low
55,37,24,27.83,82.35,7.15,146,3.49,Low
112,56,41,31.54,68.5,5.57,223,5.28,High
108,24,48,34.47,52.28,6.04,222,4.63,High
82,35,60,28.42,85.06,6.35,148,4.54,Medium
65,28,65,22.85,69.2,6.23,179,4.22,Low
58,57,72,33.36,74.38,7.03,265,5.19,High
63,59,64,19.53,76.91,6.42,155,4.64,Low
65,56,43,33.62,76.31,6.87,262,4.81,High
95,76,49,33.85,84.55,6.31,96,4.99,High
57,73,72,34.25,70.43,5.64,129,4.72,High
78,50,74,24.68,72.21,5.97,169,4.93,Low
53,20,30,19.56,62.91,6.7,177,3.23,Low
68,55,78,19.2,59.7,7.0,139,4.64,Low
85,78,43,24.35,50.73,7.47,147,4.68,High
82,20,53,32.09,55.68,7.38,183,4.06,High
101,76,52,18.8,87.52,6.39,207,5.73,Low
101,37,61,18.15,85.06,7.01,139,4.86,Low
120,22,69,22.01,79.27,7.12,215,5.38,Low
84,67,74,27.08,66.71,6.72,93,4.88,Low
60,42,70,20.8,70.37,6.29,259,4.87,Low
80,36,26,32.48,59.88,7.11,175,3.84,High
94,75,38,18.33,72.22,7.48,198,5.16,High
75,28,79,21.52,71.14,5.96,254,5.01,Low
90,79,42,21.97,54.71,6.62,238,5.25,Low
115,59,45,18.1,85.38,6.27,141,5.21,Low
92,78,39,21.56,81.25,6.91,143,5.01,Low
104,62,68,30.56,73.27,6.74,237,5.82,Medium
74,28,47,31.47,83.85,6.05,165,4.15,Medium
68,39,72,34.98,76.9,5.78,129,4.4,High
66,45,63,30.29,78.28,6.53,250,4.93,Medium
109,37,58,33.25,83.36,7.04,264,5.55,High
77,60,51,27.08,76.19,6.86,294,5.37,Low
62,66,78,18.11,86.58,6.42,299,5.79,Low
61,21,49,33.69,81.23,6.12,214,4.07,High
114,73,70,28.91,70.8,7.27,212,6.05,High
92,70,46,31.74,77.94,6.26,273,5.61,Medium
89,21,23,29.55,76.14,6.48,93,3.44,Medium
91,55,72,30.0,65.07,7.03,189,5.23,Medium
71,58,31,22.8,74.83,5.94,258,4.7,Low
110,26,80,32.38,70.4,7.02,120,4.9,High
99,31,57,33.35,70.33,5.93,115,4.39,High
63,57,25,24.8,76.82,6.97,103,3.7,Low
99,72,70,27.71,67.9,5.87,81,5.1,Low
81,21,58,30.02,63.28,6.17,152,4.06,Medium
113,28,66,28.24,54.1,6.31,233,5.16,Medium
110,48,73,19.41,84.86,5.89,118,5.29,Low
91,43,63,34.64,74.44,6.39,290,5.48,High
67,42,78,32.7,63.51,5.6,227,4.89,High
108,39,30,33.35,62.39,7.36,140,4.27,High
53,32,70,22.39,83.74,6.7,122,4.03,Low
73,36,35,19.37,52.92,6.76,169,3.77,Low
99,60,31,33.02,85.06,7.12,139,4.71,High
63,46,36,34.07,82.74,6.18,100,3.74,High
65,25,52,24.44,66.61,7.05,93,3.5,Low
53,47,52,25.73,61.05,6.1,201,4.15,Low
110,64,31,28.43,85.91,5.55,270,5.63,High
117,79,37,34.68,53.65,7.29,193,5.38,High
70,77,61,26.52,56.19,7.32,114,4.6,High
77,44,39,28.68,59.98,5.84,142,3.98,Medium
76,47,63,29.1,56.35,5.63,249,4.91,High
93,35,25,19.61,80.39,7.05,161,4.16,Low
84,69,61,33.89,82.41,7.37,262,5.7,High
74,76,63,21.75,68.79,5.61,133,4.9,High
99,35,39,32.24,84.96,6.14,120,4.33,High
79,44,77,21.54,66.84,6.78,82,4.41,Low
68,67,70,20.51,77.9,6.75,248,5.44,Low
54,49,66,33.75,75.51,7.26,80,3.97,High
115,51,33,33.96,71.11,5.98,271,5.38,High
55,37,69,30.31,58.32,5.88,202,4.28,Medium
70,28,66,27.46,60.44,6.05,162,4.15,Low
85,54,27,29.55,52.4,7.19,212,4.35,Medium
74,70,72,28.13,76.55,5.89,275,5.74,Medium
89,33,78,22.26,84.74,6.27,270,5.53,Low
57,69,68,27.84,66.9,6.19,176,4.78,Low
108,38,47,22.7,88.67,6.1,132,4.76,Low
61,39,63,20.69,88.82,6.36,161,4.41,Low
52,63,60,33.89,89.38,5.92,222,4.92,High
93,27,24,23.32,68.27,5.59,133,3.75,High
120,46,35,26.9,55.22,5.98,213,4.97,Low
64,66,56,18.38,88.78,6.39,95,4.46,Low
67,80,36,28.8,65.22,6.15,251,4.96,Medium
64,55,52,22.9,74.97,6.22,133,4.26,Low
70,32,36,29.56,51.71,7.45,169,3.66,High
120,70,46,34.89,64.18,6.75,192,5.54,High
109,23,21,18.36,71.98,5.86,293,4.73,Low
66,58,47,21.08,84.92,5.58,219,4.79,High
63,77,65,30.73,50.23,6.36,255,5.19,Medium
72,41,77,30.98,79.07,6.15,270,5.31,Medium
53,47,74,32.55,56.78,6.85,130,4.12,High
100,51,69,29.22,74.51,7.36,171,5.27,High
105,45,26,22.46,51.36,6.35,220,4.55,Low
79,80,45,25.92,68.97,5.79,232,5.25,High
92,74,59,34.27,51.67,6.54,248,5.51,High
108,71,72,30.8,72.26,6.96,106,5.44,Medium
72,77,23,21.44,79.0,7.49,190,4.61,High
93,57,60,34.94,81.64,7.22,271,5.67,High
79,46,75,23.63,61.64,5.67,217,5.03,High
83,35,31,21.25,81.83,7.33,160,4.1,High
103,22,68,24.75,55.43,7.04,87,4.21,Low
112,55,40,34.89,56.36,6.25,232,5.17,High
120,21,25,31.7,82.43,6.54,217,4.68,Medium
87,34,24,18.46,81.45,6.29,193,4.2,Low
109,72,41,28.36,80.21,6.15,255,5.78,Medium
88,24,73,30.75,62.77,5.56,241,4.92,High
108,42,43,33.61,52.61,7.03,139,4.44,High
86,41,70,20.17,60.57,6.52,256,5.17,Low
104,55,36,20.82,65.31,7.07,82,4.31,Low
111,52,38,21.21,79.39,6.52,242,5.35,Low
67,37,39,33.42,66.23,6.44,286,4.48,High
70,63,41,25.46,60.63,7.23,129,4.15,High
78,21,65,31.63,79.16,6.85,147,4.26,Medium
93,69,73,30.42,71.92,7.5,167,5.47,High
89,37,69,30.47,67.35,6.36,156,4.7,Medium
75,52,65,32.3,72.56,5.73,121,4.53,High
61,32,54,25.73,54.77,7.08,142,3.71,Low
56,27,29,21.99,53.21,5.88,238,3.59,Low
104,29,29,29.45,53.33,6.94,268,4.57,Medium
68,74,61,18.04,82.04,7.24,253,5.47,High
78,43,22,18.42,80.34,6.64,138,3.88,Low
69,36,53,28.37,65.2,6.72,109,3.83,Medium
52,21,73,30.71,60.05,7.12,134,3.7,Medium
105,21,49,32.25,68.1,7.27,294,5.07,High
83,62,52,30.11,74.13,6.4,110,4.57,Medium
94,38,75,20.44,84.9,6.45,103,4.81,Low
57,75,33,32.63,87.78,6.64,98,4.12,High
57,38,41,34.83,73.17,7.0,162,3.81,High
69,43,56,24.33,71.58,5.93,159,4.31,Low
114,30,76,22.69,51.66,7.06,261,5.49,Low
98,24,54,29.13,83.93,5.62,282,5.18,High
53,76,45,19.78,81.46,5.89,156,4.49,Low
68,71,46,28.73,74.17,5.73,118,4.42,High
113,20,27,19.36,74.1,7.17,158,4.2,Low
101,41,27,26.9,62.38,6.78,198,4.43,Low
74,78,68,34.25,86.74,7.45,150,5.28,High
55,55,21,21.96,61.55,6.85,178,3.69,Low
70,61,59,19.5,67.32,7.23,81,4.24,High
109,28,73,32.58,56.61,6.68,223,5.18,High
83,35,50,31.31,71.3,6.16,251,4.77,Medium
67,57,77,19.93,82.35,5.55,222,5.28,High
66,76,52,27.11,65.0,5.92,261,5.19,Low
62,26,39,32.73,61.1,6.96,287,4.16,High
50,79,24,27.06,61.06,5.95,225,4.29,Low
105,22,50,32.49,64.83,7.46,287,5.03,High
117,54,51,20.55,72.62,6.68,294,5.9,Low
120,32,24,18.29,82.38,7.24,177,4.64,High
113,50,30,19.87,57.24,6.61,200,4.79,Low
98,50,33,34.67,68.74,6.68,192,4.66,High
100,20,46,31.99,82.23,6.88,119,4.18,Medium
68,38,31,32.27,89.74,6.74,148,3.92,High
91,66,49,18.35,50.05,6.9,125,4.56,Low
60,36,33,24.78,75.06,7.5,157,3.69,High
90,23,27,28.56,67.79,6.16,190,3.96,Medium
70,50,58,34.61,71.37,6.8,258,4.97,High
113,75,78,33.46,85.72,6.82,173,6.16,High
66,43,64,24.73,57.31,7.05,201,4.46,Low
71,33,53,23.03,65.02,6.6,270,4.62,Low
104,67,30,23.96,79.07,7.39,91,4.6,High
94,32,66,22.19,71.14,7.21,129,4.56,High
116,43,70,23.41,78.33,6.02,178,5.49,Low
119,40,22,27.54,82.23,6.27,99,4.33,Low
72,74,61,23.74,81.19,7.43,182,5.17,High
96,31,20,22.33,74.36,6.06,89,3.64,Low
50,28,70,24.23,51.06,7.12,83,3.39,Low
66,31,66,19.88,62.88,6.68,258,4.64,Low
64,76,34,25.56,57.19,6.99,183,4.39,Low
104,37,52,23.33,54.22,5.51,131,4.41,High
71,20,27,24.54,86.44,5.76,268,4.17,High
69,22,26,33.88,60.67,7.04,128,3.2,High
89,41,29,33.78,75.63,5.94,129,4.05,High
98,56,51,27.76,84.69,7.3,126,4.89,High
118,42,44,27.91,76.24,6.65,118,4.75,Low
96,72,51,19.15,56.7,6.58,282,5.63,Low
80,48,23,23.16,80.17,7.18,298,4.81,Low
92,47,29,21.88,57.34,6.4,226,4.5,Low
69,23,28,21.8,59.96,5.55,123,3.21,High
92,22,78,20.55,79.47,6.66,152,4.75,Low
111,73,47,33.01,72.7,5.51,105,5.1,High
119,32,55,27.0,67.2,6.99,252,5.37,Low
116,63,22,30.27,78.66,6.96,285,5.56,Medium
80,40,59,26.93,71.75,6.48,209,4.75,Low
75,59,25,33.0,72.24,6.17,208,4.41,High
105,38,68,34.34,61.16,5.59,87,4.56,High
114,33,36,27.07,69.39,6.24,172,4.6,Low
67,37,50,23.61,60.35,6.19,82,3.58,Low
62,40,74,18.63,61.45,6.01,140,4.25,Low
92,64,48,20.95,68.53,6.73,264,5.41,Low
57,55,34,29.52,54.87,6.95,147,3.72,Medium
70,79,27,18.48,80.87,6.43,255,5.02,Low
103,67,26,31.44,55.36,6.49,83,4.24,Medium
66,44,73,32.6,79.63,7.37,266,5.18,High
96,56,72,26.9,70.07,6.92,271,5.79,Low
84,29,65,23.86,89.25,5.77,281,5.26,High
111,78,77,25.07,87.9,6.44,102,5.82,Low
109,25,45,32.2,50.87,5.64,177,4.38,High
114,73,28,31.83,77.76,7.08,150,5.11,Medium
111,52,42,29.58,60.43,6.08,289,5.47,Medium
92,40,29,24.45,62.24,5.6,264,4.63,High
60,35,40,30.95,65.96,5.56,199,3.9,High
120,52,29,26.92,65.21,6.06,196,4.98,Low
59,42,59,21.57,82.82,7.05,298,4.98,Low
89,31,67,25.49,83.69,6.03,142,4.66,Low
85,44,44,33.71,85.51,6.08,108,4.28,High
66,39,64,22.15,59.86,6.55,248,4.66,Low
74,66,68,27.0,73.79,7.07,164,5.02,Low
119,38,31,25.59,75.56,6.33,272,5.25,Low
74,43,71,29.37,61.29,6.22,235,4.92,Medium
79,74,33,27.22,78.99,6.99,201,4.89,Low
100,63,79,20.05,86.68,6.56,143,5.62,Low
93,20,60,23.32,78.56,6.67,206,4.7,Low
54,21,78,25.23,53.0,6.15,300,4.58,Low
88,32,62,22.66,77.7,7.24,170,4.66,High
95,26,38,22.61,71.02,6.84,229,4.51,Low
99,40,64,25.06,55.8,7.13,211,5.0,Low
113,32,59,27.23,77.16,5.59,266,5.5,High
83,41,60,18.44,78.36,5.8,140,4.55,Low
118,27,56,29.16,69.67,7.1,185,4.97,Medium
82,61,44,26.0,65.39,7.06,295,5.25,Low
91,44,52,33.7,64.51,6.42,95,4.24,High
118,20,76,21.81,65.36,5.6,107,4.76,High
117,64,20,31.5,58.72,6.52,184,4.86,Medium
72,30,60,32.05,87.13,7.32,131,4.23,High
56,66,48,33.66,50.53,5.8,159,4.13,High
85,79,46,29.37,50.78,7.26,298,5.5,High
63,62,57,29.64,87.39,6.92,126,4.54,Medium
66,36,20,23.53,67.59,7.39,233,3.87,High
67,20,60,34.56,70.5,5.84,150,3.91,High
75,23,56,31.79,83.53,6.08,255,4.68,Medium
75,65,72,25.95,54.37,7.2,144,4.8,Low
89,38,33,18.97,88.73,6.17,133,4.22,Low
82,47,30,26.95,73.95,7.26,177,4.27,High
103,64,38,30.77,54.24,6.44,244,5.18,Medium
89,79,54,28.03,69.65,5.54,95,4.87,High
66,32,46,29.67,54.54,6.25,276,4.33,Medium
118,44,33,30.52,89.89,6.19,101,4.65,Medium
86,73,46,27.58,72.96,5.63,162,4.96,High
103,34,58,28.48,86.63,5.64,213,5.18,High
54,79,35,26.75,56.44,6.64,152,4.12,Low
98,71,44,32.43,73.55,5.94,256,5.57,High
101,51,30,26.58,61.67,7.08,158,4.44,Low
69,79,60,18.36,58.4,7.4,215,5.13,High
112,27,54,19.43,68.75,6.86,118,4.49,Low
74,24,45,21.55,56.26,7.16,205,3.97,Low
81,21,33,33.97,75.58,7.06,238,4.2,High
74,36,27,27.44,77.82,7.26,137,3.75,High
75,31,49,29.42,80.85,6.63,259,4.69,Medium
99,51,71,25.92,66.72,6.33,201,5.36,Low
100,69,31,22.44,66.04,6.96,205,5.02,Low
94,27,64,33.63,62.85,7.27,185,4.64,High
55,72,65,27.5,59.87,5.93,122,4.41,Low
78,53,64,28.01,80.26,5.59,118,4.64,High
115,41,68,31.56,63.14,5.76,223,5.48,High
115,73,41,28.83,56.42,6.8,122,4.99,Medium
114,57,67,27.67,77.29,6.85,281,6.14,Low
70,25,24,25.88,87.76,6.15,219,3.96,Low
91,45,36,32.21,74.12,5.76,176,4.49,High
59,54,25,29.28,54.54,7.13,93,3.31,Medium
60,20,61,18.2,73.37,7.01,212,4.14,Low
57,80,52,31.01,86.49,6.65,204,5.03,Medium
106,48,26,27.67,61.09,5.85,262,4.92,Low
72,23,39,31.7,84.27,6.31,263,4.39,Medium
117,59,65,33.6,56.15,7.49,198,5.57,High
62,43,54,33.33,61.99,6.48,274,4.64,High
114,49,39,23.43,73.62,7.04,224,5.22,Low
118,33,31,22.19,79.86,5.94,268,5.17,Low
77,79,77,19.37,77.17,6.23,264,5.98,Low
77,32,47,28.52,81.21,5.97,115,3.99,Medium
116,33,47,19.47,63.33,7.17,133,4.56,Low
83,38,60,19.03,60.42,6.49,105,4.15,Low
114,78,70,32.86,60.47,5.66,185,5.9,High
120,78,63,20.83,81.45,5.83,171,6.02,Low
98,64,55,19.3,58.55,6.9,187,5.14,Low
100,79,51,25.05,74.25,7.32,208,5.62,High
76,62,28,26.47,50.86,6.03,173,4.14,Low
118,58,20,28.7,79.84,5.51,177,4.95,High
119,20,48,22.65,75.99,5.56,184,4.8,High
77,34,42,30.66,71.74,6.55,260,4.57,Medium
67,27,28,24.49,86.22,6.98,153,3.66,Low
73,64,56,25.23,76.22,7.1,161,4.78,Low
81,63,76,30.06,63.59,5.91,223,5.42,Medium
77,61,56,20.56,84.02,5.5,176,4.95,High
76,57,63,22.94,87.04,7.04,119,4.73,Low
71,35,62,21.7,87.49,5.7,242,4.88,High
97,33,75,31.05,80.67,6.3,144,4.94,Medium
53,30,76,33.8,70.37,6.24,195,4.33,High
120,77,69,24.21,66.98,5.62,113,5.67,High
64,69,67,29.83,82.73,6.74,111,4.72,Medium
77,65,34,27.07,64.68,6.79,230,4.73,Low
50,32,64,22.79,74.94,6.97,88,3.62,Low
84,37,38,19.98,63.29,5.69,277,4.67,High
80,79,45,31.85,63.56,7.4,244,5.26,High
59,62,75,27.56,81.54,7.19,110,4.63,Low
53,35,69,26.42,76.43,6.1,282,4.79,Low
108,77,57,22.35,66.18,7.08,156,5.48,Low
71,66,68,21.15,58.47,6.34,104,4.52,Low
71,35,75,25.59,75.06,6.4,95,4.24,Low
61,31,22,34.95,60.09,7.05,250,3.75,High
93,56,42,21.71,63.79,6.77,174,4.69,Low
80,70,59,32.65,52.72,5.59,235,5.19,High
96,26,62,20.79,80.46,7.15,272,5.23,Low
53,44,63,31.82,61.64,6.55,134,3.95,Medium
77,68,53,18.51,86.83,6.7,236,5.35,Low
110,67,69,29.56,89.07,6.49,263,6.31,Medium
103,78,30,25.22,57.59,7.27,276,5.47,High
99,70,75,28.27,89.37,6.35,232,6.12,Medium
63,33,22,19.5,74.6,5.89,226,3.84,Low
117,26,73,18.44,73.59,6.77,231,5.49,Low
92,20,37,28.43,89.8,7.21,267,4.72,High
119,61,62,29.61,84.22,6.3,160,5.68,Medium
105,24,48,22.35,57.24,7.1,231,4.68,Low
56,66,33,19.99,65.0,5.77,293,4.7,High
90,70,20,28.11,78.06,6.01,213,4.85,Medium
103,59,73,31.3,67.18,6.4,168,5.43,Medium
81,26,64,31.19,76.97,7.18,180,4.52,Medium
72,38,52,29.16,50.19,6.86,225,4.33,Medium
103,60,41,24.65,52.15,5.79,223,5.04,High
56,40,30,33.0,79.23,7.13,165,3.72,High
102,69,52,18.08,51.67,6.71,148,4.97,Low
60,60,78,18.1,50.99,6.8,243,5.02,Low
75,27,55,22.25,85.64,6.69,129,4.12,Low
62,34,54,34.17,80.55,5.9,174,4.18,High
91,75,34,29.41,55.64,7.03,149,4.63,Medium
60,75,70,20.41,84.57,7.32,217,5.35,High
111,69,47,24.0,87.41,6.32,292,6.12,Low
60,69,59,32.1,69.24,5.56,241,5.03,High
90,30,67,25.47,89.46,6.7,201,5.02,Low
71,38,72,26.88,64.32,5.61,193,4.62,High
100,51,31,20.05,57.78,6.19,132,4.27,Low
89,30,31,34.12,88.38,5.95,272,4.74,High
72,36,32,22.63,79.5,5.9,238,4.32,Low
95,70,48,27.04,87.1,6.52,219,5.52,Low
63,34,76,19.65,71.27,6.36,156,4.38,Low
110,40,52,23.86,80.77,5.64,282,5.58,High
50,53,23,32.56,83.01,6.39,205,3.96,High
83,76,64,28.46,82.63,6.94,136,5.22,Medium
89,49,50,33.89,71.68,6.08,226,4.98,High
91,30,48,30.34,65.35,6.87,101,3.98,Medium
72,60,35,28.4,51.54,6.62,281,4.7,Medium
63,40,30,23.23,76.25,5.79,262,4.29,High
96,20,54,33.44,69.63,6.85,187,4.46,High
85,51,66,26.61,55.37,6.07,183,4.84,Low
105,42,65,22.76,89.19,5.55,196,5.41,High
120,55,33,21.62,88.31,7.36,128,4.99,High
55,68,68,20.78,80.18,7.09,254,5.26,Low
109,39,41,34.57,60.49,7.13,203,4.77,High
118,42,34,30.9,65.02,7.43,201,4.89,High
101,29,25,23.73,79.38,7.28,271,4.73,High
77,48,36,23.28,62.51,6.36,143,4.02,Low
115,63,30,26.11,60.64,6.84,290,5.52,Low
99,60,73,31.44,63.4,6.76,262,5.81,Medium
113,79,56,28.99,80.15,5.75,115,5.51,High
90,48,48,28.2,70.73,7.38,256,5.09,High
58,23,33,24.9,55.47,6.26,198,3.44,Low
85,79,26,18.89,89.44,6.0,164,4.88,Low
97,73,75,18.27,77.6,6.21,189,5.8,Low
101,50,73,18.54,87.95,5.54,100,5.11,High
83,33,48,19.13,71.63,7.23,226,4.58,High
102,21,71,20.02,71.47,5.83,135,4.62,Low
60,62,80,27.96,77.53,6.02,254,5.41,Low
69,73,27,29.56,74.23,7.15,107,4.09,Medium
105,38,71,26.51,75.63,6.7,130,4.97,Low
78,46,23,20.36,63.73,7.34,281,4.49,High
101,20,49,24.54,51.19,5.69,288,4.79,High
96,22,38,23.71,53.29,6.84,279,4.53,Low
99,21,70,19.62,84.01,6.54,270,5.36,Low
82,20,79,34.98,78.35,5.7,192,4.76,High
68,50,27,29.44,74.17,7.21,299,4.65,High
64,56,20,27.65,67.45,6.96,252,4.27,Low
76,45,58,28.29,78.49,6.13,121,4.37,Medium
107,71,41,27.35,68.8,5.77,107,4.87,High
58,44,75,30.1,73.78,6.82,269,5.03,Medium
52,21,59,31.56,69.54,7.23,125,3.52,High
65,55,40,21.06,50.26,6.81,136,3.85,Low
69,57,63,34.11,61.38,6.48,91,4.22,High
118,75,54,31.41,88.18,5.92,267,6.33,Medium
82,20,62,31.77,85.85,6.07,168,4.43,Medium
117,79,33,21.54,69.15,7.42,206,5.54,High
102,51,75,24.54,75.96,6.88,160,5.36,Low
79,29,45,22.41,72.65,6.68,154,4.05,Low
81,65,79,34.84,73.71,7.06,128,5.13,High
113,40,41,20.82,68.7,6.75,179,4.82,Low
50,22,37,28.85,82.04,7.23,86,3.07,High
89,78,34,21.12,56.68,5.63,182,4.83,High
100,44,24,23.71,75.57,6.57,187,4.49,Low
91,66,73,29.45,69.79,6.19,296,6.01,Medium
106,45,80,18.96,78.13,7.01,120,5.23,Low
111,56,39,32.83,64.7,7.14,191,5.04,High
105,45,45,19.44,89.54,7.43,92,4.61,High
92,49,43,27.05,73.85,6.9,172,4.67,Low
99,35,47,32.17,78.55,6.03,238,4.99,High
82,56,79,33.56,55.19,7.36,171,5.02,High
114,65,62,21.76,77.68,6.15,226,5.92,Low
95,42,23,19.06,65.56,6.16,277,4.71,Low
116,43,43,29.5,75.18,5.86,199,5.11,Medium
55,34,48,26.75,72.99,6.81,241,4.22,Low
73,77,63,29.54,77.46,5.85,214,5.39,Medium
75,80,22,31.97,66.58,7.11,264,4.94,Medium
72,53,22,25.97,74.5,6.34,135,3.87,Low
110,46,73,27.84,89.86,7.13,199,5.71,Low
77,74,23,18.45,54.58,6.54,208,4.49,Low
95,61,37,25.64,55.72,5.54,152,4.53,High
52,67,74,24.16,65.19,6.55,206,4.9,Low
68,51,74,34.85,50.55,5.96,285,5.15,High
94,73,35,31.44,51.69,5.56,171,4.74,High
78,41,50,21.24,87.28,6.47,186,4.62,Low
103,68,28,24.51,83.29,7.18,177,5.03,Low
119,70,23,18.53,84.81,5.51,196,5.36,High
93,65,42,19.01,79.29,6.47,238,5.32,Low
108,22,41,24.85,66.15,6.44,106,4.04,Low
79,23,22,22.72,78.52,5.88,148,3.59,Low
115,41,28,24.25,64.56,6.54,184,4.63,Low
108,61,63,34.33,71.01,6.77,183,5.49,High
54,79,53,27.39,76.69,6.97,230,5.02,Low
50,76,54,20.1,56.28,6.36,234,4.73,Low
106,22,22,27.4,54.66,7.02,135,3.72,Low
79,33,57,31.1,63.58,6.86,182,4.36,Medium
78,29,74,19.44,66.14,5.98,171,4.53,Low
86,26,36,28.07,86.08,7.14,142,4.04,Medium
76,52,73,21.75,62.29,6.97,135,4.65,Low
67,71,45,28.7,59.5,6.12,220,4.74,Medium
78,45,47,29.77,56.12,7.26,113,3.96,High
83,62,44,20.59,74.02,5.96,267,5.23,Low
92,40,32,34.81,58.92,6.61,283,4.74,High
82,59,52,33.45,86.28,7.18,143,4.79,High
119,71,46,26.28,85.52,5.55,259,6.08,High
54,57,56,23.69,53.64,6.01,195,4.29,Low
65,24,40,22.63,85.56,7.19,96,3.49,Low
92,45,73,30.54,52.24,7.03,215,5.1,Medium
103,57,74,28.17,72.04,7.44,263,5.94,High
66,32,57,23.12,76.91,6.28,95,3.83,Low
106,51,59,25.14,71.66,6.24,122,4.93,Low
75,58,30,34.43,75.09,6.5,296,4.95,High
60,70,51,20.58,85.16,6.85,196,4.85,Low
102,69,32,28.45,65.97,6.5,162,4.85,Medium
91,80,20,31.25,73.73,6.87,156,4.7,Medium
60,63,35,20.11,54.79,7.33,90,3.63,High
118,43,75,33.7,81.62,6.21,284,6.17,High
88,48,45,28.03,84.98,6.75,255,5.14,Medium
72,32,57,23.81,51.48,5.94,188,4.14,Low
67,66,27,30.42,79.96,6.99,191,4.42,Medium
82,50,38,23.77,86.87,6.1,255,4.98,Low
117,66,37,26.57,79.14,6.39,93,4.92,Low
93,63,33,24.81,89.82,7.4,221,5.15,High
96,34,68,19.08,88.19,7.49,276,5.56,High
107,26,36,21.1,86.79,5.59,188,4.62,High
83,22,72,21.69,79.44,6.49,294,5.21,Low
85,23,26,24.29,57.73,6.87,157,3.6,Low
75,62,24,18.98,53.99,6.52,90,3.67,Low
107,27,70,24.01,63.63,5.68,179,4.93,High
88,24,23,20.51,72.74,7.35,153,3.74,High
112,47,28,29.63,67.74,7.12,148,4.53,Medium
58,35,73,26.59,81.84,7.34,129,4.23,High
92,50,24,19.82,56.69,7.15,148,4.07,Low
57,48,62,22.04,84.41,6.67,89,4.07,Low
96,29,63,19.62,58.91,5.96,218,4.81,Low
106,40,22,31.14,89.35,6.01,255,4.97,Medium
66,24,44,25.73,65.64,6.77,217,3.97,Low
66,53,60,27.09,86.09,5.6,275,5.22,High
101,66,21,27.73,61.78,6.72,147,4.49,Low
55,64,70,29.4,84.95,5.72,236,5.18,High
98,40,28,30.06,82.07,5.92,176,4.47,Medium
75,77,47,21.94,77.03,7.08,90,4.54,Low
67,44,69,21.45,81.31,7.06,257,5.1,Low
98,46,23,19.98,51.96,7.09,246,4.53,Low
85,80,31,29.87,82.86,6.68,257,5.38,Medium
66,40,31,26.25,86.45,6.98,103,3.66,Low
70,61,73,23.62,74.72,5.6,171,5.0,High
100,51,35,33.09,88.68,6.28,212,5.05,High
63,75,28,32.86,63.64,7.08,146,4.13,High
80,59,54,31.31,51.22,7.45,212,4.79,High
99,27,25,28.92,79.25,6.53,171,4.16,Medium
59,57,68,27.45,78.99,5.7,243,5.07,High
67,30,57,30.97,64.81,6.76,173,4.08,Medium
60,31,27,23.52,72.18,6.94,284,4.11,Low
104,65,51,18.07,69.21,7.35,85,4.78,High
120,78,71,33.07,81.97,6.1,157,6.09,High
87,27,67,32.91,81.52,5.71,110,4.38,High
60,77,55,23.17,89.56,5.51,209,5.14,High
115,37,30,22.33,78.03,6.71,194,4.78,Low
115,54,63,23.86,50.48,5.96,106,4.9,Low
68,20,38,23.54,80.47,5.84,283,4.32,Low
65,68,78,28.97,57.35,6.61,121,4.7,Medium
87,48,73,20.01,68.88,6.25,179,5.05,Low
51,26,22,33.55,50.91,6.65,271,3.51,High
60,61,42,25.13,75.19,5.56,217,4.55,High
119,38,27,28.34,86.83,6.82,199,4.93,Medium
51,22,51,29.86,67.87,7.21,228,3.89,High
108,22,46,20.79,86.81,6.82,253,5.07,Low
120,76,67,27.93,80.12,6.02,241,6.39,Low
84,60,51,25.99,56.52,7.47,87,4.25,High
105,50,39,28.44,71.37,6.55,174,4.82,Medium
109,24,43,18.74,78.92,6.99,232,4.88,Low
53,33,60,19.9,67.86,7.4,246,4.34,High
62,59,59,20.62,71.56,6.03,249,4.96,Low
75,80,44,22.63,77.28,6.94,297,5.57,Low
75,52,23,28.51,81.15,5.6,129,3.96,High
50,67,46,26.38,53.88,5.72,232,4.42,High
93,71,79,28.04,72.43,5.58,248,6.01,High
117,57,24,22.36,89.14,7.46,165,5.02,High
61,32,78,33.67,83.94,6.39,137,4.37,High
89,29,46,19.04,72.48,5.9,183,4.37,Low
57,78,22,23.51,64.93,6.29,262,4.58,Low
66,63,42,21.59,54.12,6.92,104,3.91,Low
96,42,61,30.82,66.92,7.46,99,4.48,High
74,27,80,26.73,84.58,6.16,126,4.49,Low
113,47,61,21.11,72.7,6.34,293,5.88,Low
58,36,20,33.42,68.26,6.33,293,4.05,High
88,38,77,19.23,68.81,5.69,80,4.47,High
84,73,47,21.05,54.23,5.64,177,4.83,High
96,76,22,22.39,55.65,7.17,192,4.75,Low
100,33,58,26.19,55.18,6.77,272,5.1,Low
88,62,79,30.61,72.77,6.9,181,5.45,Medium
72,37,74,18.74,71.42,6.43,99,4.26,Low
107,78,67,21.05,84.19,5.57,281,6.45,High
77,58,69,27.79,85.47,7.06,246,5.48,Low
58,20,37,21.19,58.95,7.39,201,3.51,High
67,41,30,34.05,74.98,6.56,249,4.29,High
79,56,44,19.19,82.85,7.18,126,4.44,Low
87,21,34,25.52,89.91,6.24,218,4.36,Low
82,74,49,28.99,80.92,7.32,136,4.91,High
60,72,48,32.34,60.18,7.46,131,4.26,High
76,23,28,34.08,50.57,6.9,226,3.75,High
70,32,37,23.96,75.02,6.93,182,3.98,Low
91,53,76,30.73,66.46,6.11,114,4.9,Medium
111,66,33,19.51,71.11,5.67,262,5.52,High
115,64,74,34.71,50.5,5.86,111,5.28,High
117,37,79,29.47,60.27,7.25,117,5.07,High
78,62,49,23.28,65.14,6.0,102,4.31,Low
80,44,30,28.71,76.1,5.68,268,4.67,High
54,56,43,30.86,69.56,6.05,206,4.28,Medium
94,54,77,28.31,72.83,6.84,114,5.05,Medium
68,33,67,20.9,56.7,6.58,104,3.89,Low
59,64,45,20.39,61.99,6.08,299,4.91,Low
86,33,75,29.23,54.48,6.25,154,4.55,Medium
78,32,49,24.68,67.77,6.51,223,4.44,Low
52,68,58,33.46,63.75,6.91,213,4.67,High
81,58,31,21.48,79.4,5.96,171,4.48,Low
104,31,75,26.79,77.59,6.44,161,5.08,Low
105,42,57,30.27,73.98,7.39,203,5.15,High
103,43,23,28.06,72.77,6.25,294,5.01,Medium
64,20,39,33.86,88.45,7.28,83,3.35,High
80,52,76,25.57,84.97,6.23,101,4.82,Low
97,34,32,24.4,61.12,6.28,150,4.08,Low
65,67,75,33.89,79.84,7.39,299,5.74,High
75,78,75,20.86,81.13,5.99,126,5.24,Low
65,68,75,27.08,60.44,7.43,207,5.11,High
118,54,30,33.87,53.08,6.87,280,5.3,High
104,29,74,18.1,81.11,6.64,98,4.75,Low
60,76,63,31.02,53.35,7.36,174,4.72,High
80,45,38,23.11,61.25,6.07,150,4.08,Low
89,58,66,28.92,55.65,7.27,267,5.44,High
66,68,41,20.44,81.36,6.75,211,4.79,Low
67,36,44,25.41,63.75,6.66,114,3.66,Low
52,67,24,19.1,53.32,7.11,114,3.49,Low
50,76,34,29.32,54.27,6.83,112,3.77,Medium
83,75,64,23.65,61.35,5.52,221,5.42,High
104,47,66,20.86,55.8,5.88,236,5.35,Low
52,66,72,34.9,58.67,6.33,124,4.37,High
80,23,20,19.54,73.33,6.27,284,4.2,Low
99,32,34,27.6,85.71,6.3,127,4.24,Low
84,39,43,27.79,71.94,5.59,251,4.74,High
52,56,72,29.67,59.4,6.22,155,4.37,Medium
79,52,51,34.0,62.16,6.95,228,4.79,High
90,62,55,20.82,83.08,6.79,283,5.7,Low
116,37,30,22.84,62.03,6.54,108,4.21,Low
87,46,47,32.99,74.92,7.45,209,4.79,High
69,36,20,19.46,67.0,6.08,119,3.35,Low
63,55,39,20.45,63.69,6.48,261,4.56,Low
79,75,40,22.32,87.37,5.57,281,5.51,High
101,51,46,18.38,88.0,5.62,242,5.39,High
114,62,20,27.49,56.16,6.04,83,4.24,Low
98,50,68,32.8,80.68,5.55,157,5.19,High
69,22,26,32.47,70.08,5.54,200,3.65,High
106,50,28,28.14,53.67,6.1,94,4.07,Medium
76,30,64,30.96,72.86,6.47,290,5.01,Medium
99,22,34,32.82,76.42,5.53,137,4.03,High
118,65,72,30.78,77.17,5.9,183,5.94,Medium
67,54,37,24.1,75.95,6.81,130,4.04,Low
112,65,54,28.67,56.57,6.73,250,5.67,Medium
60,35,65,18.65,58.14,7.09,105,3.77,Low
54,57,59,25.47,60.71,6.9,222,4.55,Low
70,26,35,34.48,88.93,5.58,154,3.84,High
99,52,77,24.28,88.22,7.41,86,5.11,High
67,75,48,19.02,85.86,6.76,161,4.83,Low
101,23,73,23.03,65.37,6.43,274,5.31,Low
88,64,55,25.17,54.96,7.03,127,4.63,Low
77,61,41,19.1,70.73,6.98,103,4.21,Low
111,58,69,18.05,66.03,6.44,287,6.06,Low
108,72,48,28.47,61.0,6.01,103,4.92,Medium
91,79,35,26.39,86.59,6.48,219,5.38,Low
100,64,72,23.99,54.79,5.87,236,5.66,Low
59,79,52,24.46,57.74,7.17,96,4.22,Low
111,69,55,27.53,52.8,5.85,143,5.16,Low
111,70,39,32.25,84.91,6.58,113,5.08,High
74,28,31,18.56,71.65,6.22,165,3.76,Low
103,72,53,33.69,81.74,7.28,221,5.72,High
111,57,52,31.41,51.49,5.76,190,5.13,High
59,31,34,28.58,73.84,7.27,83,3.22,High
84,76,53,29.87,79.21,5.64,113,4.91,High
66,30,51,27.83,65.55,5.64,248,4.35,High
70,47,45,32.02,59.32,7.05,229,4.44,High
68,25,61,24.79,73.91,6.11,99,3.8,Low
102,49,36,34.36,50.23,6.75,200,4.62,High
62,37,48,25.91,76.03,6.25,101,3.72,Low
63,23,34,23.49,89.99,5.56,134,3.57,High
91,77,52,28.73,70.84,6.94,153,5.14,Medium
96,64,32,22.94,85.28,6.06,298,5.54,Low
110,68,66,21.18,61.53,5.93,194,5.65,Low
62,47,75,23.66,74.2,5.79,249,5.05,High
74,47,37,25.79,83.35,5.85,250,4.72,Low
70,59,50,32.45,58.08,5.82,156,4.34,High
70,71,77,20.15,72.9,6.89,229,5.51,Low
89,75,22,29.17,54.36,7.4,268,4.98,High
71,50,57,18.24,82.21,5.89,114,4.36,Low
118,75,33,32.75,88.24,5.55,133,5.31,High
61,52,54,30.01,56.48,6.73,229,4.49,Medium
101,75,29,18.68,55.89,6.63,230,5.13,Low
84,75,77,33.02,74.77,6.41,199,5.68,High
59,57,28,25.85,68.33,6.33,208,4.12,Low
108,33,70,34.58,59.39,5.6,242,5.32,High
50,48,21,33.08,74.58,6.56,235,3.9,High
75,28,24,33.31,75.19,6.02,203,3.88,High
91,26,50,18.81,65.72,6.31,132,4.1,Low
119,50,57,31.15,74.86,5.8,88,4.96,Medium
76,80,77,30.09,50.18,7.3,121,4.99,High
106,22,70,22.47,56.5,5.87,290,5.31,Low
90,80,79,20.32,54.31,5.67,216,5.77,High
106,46,66,32.52,74.37,7.3,248,5.62,High
85,31,23,25.95,73.92,7.43,209,4.1,High
108,54,56,27.98,63.26,7.06,246,5.5,Low
79,64,23,34.15,88.74,6.68,239,4.85,High
94,69,58,22.36,50.24,5.98,149,4.93,Low
86,32,56,30.01,51.01,5.8,159,4.21,Medium
51,67,65,27.87,58.54,6.54,237,4.82,Low
102,30,35,19.14,81.99,6.25,227,4.74,Low
79,48,36,22.36,77.87,6.27,256,4.78,Low
90,70,67,20.99,53.54,6.59,87,4.75,Low
90,52,23,33.92,66.93,6.1,222,4.53,High
62,22,22,19.51,61.22,5.93,149,3.12,Low
64,74,35,25.89,88.05,7.3,171,4.62,High
97,52,34,25.18,75.82,6.52,209,4.85,Low
113,63,33,30.11,81.25,6.74,294,5.77,Medium
81,26,67,29.2,72.1,5.73,201,4.63,High
54,64,73,31.15,63.81,7.05,233,4.99,Medium
85,23,44,20.3,67.89,6.43,189,4.16,Low
98,56,50,33.82,73.83,7.1,107,4.67,High
54,54,50,30.39,74.6,6.85,109,3.92,Medium
86,68,56,19.93,70.09,6.66,284,5.62,Low
59,62,59,25.24,81.66,7.5,137,4.5,High
104,80,65,25.62,82.05,5.54,188,5.91,High
68,39,57,32.97,82.42,7.16,112,4.12,High
90,28,54,26.4,72.34,7.05,167,4.43,Low
94,79,78,26.38,87.22,6.98,133,5.72,Low
106,48,76,18.01,79.98,5.53,269,5.98,High
98,67,49,28.47,76.94,5.56,122,4.95,High
105,64,33,34.74,64.4,6.61,203,5.03,High
63,52,24,32.16,60.4,7.0,166,3.75,High
90,67,38,31.15,66.39,6.29,224,5.03,Medium
103,57,54,27.01,64.39,6.02,158,5.0,Low
98,44,37,31.53,62.87,6.95,261,4.92,Medium
99,34,22,31.79,78.54,5.98,122,3.98,Medium
54,58,44,33.37,85.42,6.53,278,4.84,High
66,53,80,27.3,66.43,5.76,173,4.85,High
87,51,73,23.67,65.21,6.46,276,5.55,Low
109,35,80,26.76,70.96,5.74,112,5.0,High
109,33,22,19.54,76.12,6.89,180,4.39,Low
99,40,48,30.68,83.08,6.96,233,5.11,Medium
102,33,67,34.29,54.3,6.38,228,5.05,High
93,65,55,28.47,71.17,5.94,242,5.47,Medium
86,68,63,31.96,60.97,6.07,223,5.34,Medium
89,62,79,18.22,82.09,5.53,297,6.14,High
75,67,44,26.5,75.48,6.44,230,5.0,Low
76,38,62,33.08,89.84,5.76,263,5.15,High
117,78,30,21.5,79.0,6.18,120,5.14,Low
73,46,44,25.13,71.49,6.11,150,4.18,Low
119,35,68,19.52,74.26,6.84,240,5.64,Low
96,66,56,27.61,75.92,6.62,127,5.03,Low
66,35,35,34.25,87.86,7.3,260,4.45,High
69,22,56,31.73,65.38,7.34,137,3.79,High
69,25,59,22.05,70.15,5.59,244,4.47,High
95,77,22,18.29,75.26,7.28,131,4.64,High
72,58,45,30.6,59.48,5.67,243,4.73,High
119,27,28,18.99,83.57,7.13,242,4.95,Low
63,45,37,22.36,87.08,6.87,292,4.75,Low
72,30,67,25.51,75.28,6.47,214,4.64,Low
78,74,52,22.48,79.23,5.92,274,5.56,Low
119,32,52,28.55,66.16,7.22,207,5.08,High
105,72,64,24.6,73.23,6.32,91,5.2,Low
55,56,42,33.37,56.18,6.35,185,4.04,High
63,41,55,28.64,70.9,6.18,185,4.28,Medium
55,22,39,26.6,83.69,5.99,225,3.9,Low
99,45,63,27.39,68.31,5.58,106,4.66,High
103,27,37,32.68,83.79,7.31,171,4.48,High
98,36,53,19.06,79.58,6.32,204,4.93,Low
113,38,79,19.8,61.88,6.9,290,5.9,Low
65,32,78,29.69,87.89,5.72,119,4.39,High
82,24,21,19.25,80.88,6.38,82,3.34,Low
118,32,69,33.62,53.94,6.41,266,5.52,High
77,41,68,18.86,81.07,6.03,283,5.33,Low
114,33,76,20.22,88.43,6.15,92,5.06,Low
107,20,36,30.89,61.83,5.93,263,4.65,Medium
106,70,66,26.89,67.56,6.83,200,5.71,Low
57,36,59,26.81,74.81,7.02,249,4.53,Low
97,60,55,33.8,80.95,7.37,215,5.42,High
119,45,22,25.12,89.99,7.2,256,5.28,Low
88,73,72,32.62,83.56,7.46,84,5.14,High
56,68,47,20.48,75.87,6.85,206,4.64,Low
59,23,47,27.29,50.05,6.6,232,3.81,Low
58,25,76,21.18,76.19,7.08,235,4.59,Low
118,64,31,20.05,65.68,6.15,134,4.88,Low
114,24,75,30.08,82.68,7.17,167,5.21,Medium
58,67,75,29.18,84.2,5.52,193,5.14,High
110,25,57,32.76,79.99,6.6,88,4.44,High
100,47,28,31.6,85.94,7.33,247,5.01,High
105,20,77,20.14,79.34,7.43,268,5.5,High
99,67,23,19.34,70.28,5.53,105,4.38,High
85,28,74,20.78,68.0,5.78,189,4.74,High
60,26,55,18.67,62.29,7.28,175,3.85,High
67,48,52,19.61,79.3,7.13,267,4.91,Low
84,30,61,22.6,84.61,6.08,182,4.67,Low
59,38,20,21.74,69.39,6.69,106,3.17,Low
53,67,60,33.67,85.81,6.24,101,4.36,High
86,71,26,18.5,75.84,7.38,190,4.76,High
71,26,73,33.56,87.52,7.01,82,4.12,High
120,41,59,29.17,60.95,6.75,84,4.7,Medium
66,24,27,30.5,79.33,6.94,103,3.26,Medium
107,41,55,24.38,88.94,6.81,251,5.53,Low
112,30,32,21.51,77.6,7.2,253,4.94,Low
85,55,71,26.07,89.87,6.08,295,5.89,Low
117,36,52,27.37,78.89,5.88,260,5.51,Low
96,34,61,29.03,89.55,6.62,91,4.53,Medium
53,59,76,20.22,81.3,5.97,151,4.7,Low
117,49,47,27.15,69.81,5.88,145,4.97,Low
62,34,69,32.87,75.07,6.38,170,4.35,High
108,71,24,21.51,56.75,6.73,261,5.26,Low
110,34,25,18.66,55.52,6.11,115,3.95,Low
102,75,49,31.18,76.6,5.99,198,5.52,Medium
102,56,79,18.82,60.09,6.29,120,5.15,Low
103,61,52,27.69,70.18,7.25,212,5.36,High
60,68,22,32.12,58.36,6.1,229,4.23,High
52,45,48,26.0,66.45,6.62,84,3.5,Low
98,33,32,25.23,80.24,6.19,108,4.06,Low
76,57,68,26.56,82.39,6.17,138,4.86,Low
52,50,74,20.1,85.21,6.74,175,4.66,Low
57,35,47,19.07,53.14,6.36,155,3.62,Low
92,54,50,27.7,84.3,6.76,129,4.75,Low
93,38,70,18.1,77.61,6.85,174,5.0,Low
89,20,28,23.15,53.08,7.27,189,3.76,High
57,32,51,19.95,75.19,7.12,261,4.39,Low
93,28,78,32.66,79.23,6.24,235,5.28,High
112,42,42,24.37,78.47,6.54,253,5.32,Low
51,27,41,22.63,74.93,6.95,124,3.35,Low
84,55,64,24.17,89.57,5.89,259,5.57,Low
113,27,22,25.58,68.78,5.52,151,4.14,High
61,64,76,20.4,75.65,5.84,281,5.51,Low
68,61,59,18.41,82.98,6.17,80,4.36,Low
84,23,22,32.02,59.48,6.43,213,3.81,High
109,60,60,23.08,71.31,7.16,217,5.61,Low
114,25,66,27.51,88.93,6.69,106,4.84,Low
99,64,34,30.38,65.23,6.27,221,5.04,Medium
112,58,39,19.37,65.48,7.07,192,5.1,Low
61,56,40,21.01,60.57,5.98,168,4.06,Low
70,23,66,26.46,86.63,6.31,118,4.11,Low
69,59,37,28.97,81.83,6.37,245,4.79,Medium
61,45,49,28.32,64.71,6.67,102,3.74,Medium
90,43,73,27.26,71.47,7.13,128,4.79,Low
84,76,59,18.33,74.2,7.39,294,5.86,High
59,54,36,25.11,87.14,6.14,97,3.84,Low
53,51,24,22.97,59.78,6.4,191,3.69,Low
107,52,79,33.26,84.73,7.08,118,5.4,High
99,59,38,25.53,78.1,5.92,225,5.17,Low
117,28,40,22.55,70.02,5.9,234,4.95,Low
67,46,61,20.91,88.54,5.53,255,5.06,High
76,47,34,20.15,85.73,6.26,171,4.33,Low
102,38,54,20.22,88.08,6.23,105,4.64,Low
74,74,67,23.88,72.89,6.59,184,5.23,Low
120,28,43,20.29,85.27,7.07,167,4.87,Low
94,50,29,24.66,61.92,6.29,111,4.06,Low
84,69,44,23.05,81.27,5.54,89,4.54,High
82,79,42,25.06,76.31,7.43,215,5.22,High
96,47,23,18.87,70.37,7.04,162,4.28,Low
73,20,37,31.64,82.5,5.8,112,3.55,Medium
116,77,61,22.85,76.33,5.95,239,6.19,Low
74,20,65,26.48,78.94,7.5,183,4.35,High
58,50,35,28.6,85.85,6.75,292,4.7,Medium
57,24,55,34.45,60.85,5.83,132,3.54,High
60,38,57,30.69,83.8,6.37,288,4.86,Medium
93,58,41,18.11,70.22,6.45,139,4.6,Low
101,61,68,28.42,64.12,5.54,233,5.64,High
117,34,60,30.13,74.84,6.26,240,5.47,Medium
68,28,40,28.71,85.13,7.27,271,4.47,High
107,32,28,32.35,71.75,6.26,220,4.6,High
99,37,61,31.57,88.89,5.93,82,4.58,Medium
108,53,55,23.15,51.25,6.9,94,4.58,Low
106,52,46,33.97,56.93,6.5,271,5.32,High
89,59,64,30.74,53.98,6.19,184,4.99,Medium
65,32,21,23.76,85.58,5.6,270,4.17,High
60,44,34,34.09,53.27,5.64,151,3.59,High
96,31,54,24.11,50.49,7.0,270,4.87,Low
115,55,61,31.09,64.95,6.78,245,5.72,Medium
99,44,44,26.5,81.99,6.31,212,5.0,Low
63,77,28,22.23,72.05,6.87,182,4.43,Low
80,76,75,20.22,81.18,6.29,122,5.27,Low
75,46,46,32.51,86.31,6.51,246,4.88,High
86,24,36,34.64,50.84,5.57,268,4.28,High
74,74,72,29.19,65.21,6.81,102,4.83,Medium
73,69,65,25.53,70.29,5.86,157,4.94,Low
54,67,28,26.48,80.36,6.8,103,3.8,Low
51,72,22,30.66,82.15,7.35,279,4.63,High
109,52,77,34.0,79.64,5.72,157,5.55,High
80,59,56,30.16,51.89,7.11,92,4.23,Medium
82,65,45,31.11,73.36,5.73,252,5.19,High
63,62,44,26.0,78.71,6.92,290,5.05,Low
107,23,74,23.61,84.36,7.17,181,5.15,Low
63,21,30,24.81,88.67,6.94,194,3.76,Low
94,56,41,30.59,84.97,6.63,161,4.84,Medium
68,62,54,21.54,70.15,7.49,151,4.52,High
62,59,27,23.98,61.68,7.24,234,4.25,High
60,30,25,33.38,81.41,5.92,229,3.88,High
58,63,65,34.97,55.07,6.49,108,4.19,High
82,71,33,33.43,67.76,7.19,299,5.27,High
104,32,28,22.35,66.64,5.76,180,4.3,High
74,70,51,19.19,53.5,5.84,287,5.22,Low
101,57,49,21.97,82.66,6.72,130,4.93,Low
83,39,33,27.03,85.61,7.19,101,3.94,Low
107,40,62,21.39,50.09,7.08,119,4.58,Low
73,73,41,33.61,54.04,7.42,297,5.14,High
109,72,24,28.2,53.1,6.8,119,4.54,Medium
54,41,30,19.17,89.38,6.14,112,3.54,Low
117,35,49,25.6,64.25,7.18,281,5.4,Low
113,70,58,25.45,58.4,6.69,148,5.34,Low
50,35,46,27.54,80.47,6.86,298,4.48,Low
72,28,32,22.6,51.25,6.36,166,3.54,Low
103,61,56,20.51,76.69,7.07,124,5.05,Low
119,25,41,32.33,80.56,6.49,140,4.59,High
57,68,77,19.92,68.27,5.99,232,5.21,Low
92,59,78,27.02,75.23,6.92,145,5.29,Low
68,46,43,32.95,83.61,6.0,179,4.35,High
56,42,52,19.64,89.39,7.28,291,4.85,High
69,75,50,28.24,68.93,5.82,199,4.92,Medium
79,28,54,33.6,71.3,6.24,179,4.29,High
79,32,59,21.01,51.31,5.52,284,4.77,High
76,25,25,28.46,65.76,6.28,160,3.56,Medium
60,26,77,28.26,52.83,6.0,248,4.48,Medium
65,52,49,24.41,57.58,7.15,184,4.26,Low
118,34,46,31.35,89.01,6.59,225,5.32,Medium
51,25,44,22.39,67.72,5.68,103,3.19,High
119,36,46,23.74,52.83,6.23,266,5.21,Low
90,57,40,32.48,70.33,7.11,143,4.53,High
62,27,52,25.99,56.06,6.21,207,3.95,Low
86,33,55,19.38,54.42,7.39,165,4.27,High
79,48,51,34.18,56.44,7.43,192,4.49,High
97,30,36,34.99,59.8,6.62,271,4.67,High
93,59,73,28.29,59.19,7.19,264,5.66,Medium
115,41,40,19.71,54.47,6.31,141,4.52,Low
80,22,79,26.77,61.64,5.99,170,4.48,Low
95,61,62,31.3,87.68,6.16,279,5.91,Medium
97,64,38,32.08,77.13,7.21,118,4.68,High
104,30,22,21.88,79.18,6.41,120,3.99,Low
51,33,63,24.43,81.89,6.47,208,4.31,Low
106,33,34,26.43,83.28,6.4,175,4.59,Low
64,80,30,20.28,88.83,5.51,203,4.8,High
101,45,37,25.31,57.16,7.37,239,4.82,High
87,68,54,22.29,50.22,6.08,159,4.78,Low
106,45,31,31.79,63.5,5.8,274,5.04,Medium
96,21,44,22.57,55.19,5.92,98,3.73,Low
56,23,51,19.18,62.34,6.64,100,3.29,Low
80,75,55,26.7,85.34,6.02,183,5.27,Low
69,26,57,28.19,86.38,6.55,110,3.95,Medium
80,49,27,20.12,57.0,5.76,224,4.29,High
56,22,35,22.8,65.07,7.31,179,3.43,High
106,39,30,22.69,86.38,7.36,257,5.07,High
77,30,69,20.44,66.37,6.82,220,4.7,Low
77,73,47,19.82,58.08,6.33,130,4.51,Low
119,21,46,23.89,85.31,6.54,227,5.09,Low
112,22,59,23.28,82.66,7.1,246,5.27,Low
90,62,44,18.17,58.63,6.67,266,5.18,Low
70,34,39,28.43,75.53,5.83,98,3.63,Medium
54,27,54,18.56,53.59,5.69,125,3.41,High
81,78,48,31.37,84.46,5.72,217,5.38,High
94,55,37,21.02,82.01,7.42,193,4.89,High
86,25,47,32.16,76.18,6.57,201,4.4,High
75,55,47,29.36,62.04,7.36,288,5.01,High
87,27,71,23.25,75.47,5.69,138,4.53,High
114,41,52,20.55,86.34,5.6,300,5.81,High
58,53,67,27.75,63.35,6.42,180,4.5,Low
83,22,54,27.54,73.97,6.32,117,3.97,Low
101,59,46,23.48,50.56,6.1,181,4.84,Low
117,51,27,23.46,71.72,5.58,201,4.97,High
51,62,70,18.74,74.49,6.39,200,4.79,Low
68,23,34,27.81,77.96,6.89,101,3.37,Low
72,24,24,28.02,87.56,6.77,150,3.63,Medium
110,53,54,24.64,78.22,5.94,147,5.13,Low
67,63,72,20.51,85.75,6.39,94,4.69,Low
68,64,38,18.34,79.08,6.47,292,5.08,Low
58,74,30,28.79,84.17,6.28,196,4.52,Medium
96,78,54,25.18,63.22,6.31,205,5.46,Low
68,24,76,33.04,53.66,5.62,185,4.26,High
55,45,22,20.18,66.21,6.78,198,3.69,Low
108,27,32,34.71,56.09,6.24,194,4.31,High
97,43,64,28.55,77.69,7.0,103,4.69,Medium
110,30,33,21.67,59.56,6.78,247,4.71,Low
59,62,78,23.02,88.73,6.05,171,5.06,Low
91,48,65,29.49,75.31,5.93,281,5.56,Medium
54,59,42,33.31,76.69,7.19,274,4.72,High
103,70,74,24.47,81.6,6.23,155,5.71,Low
66,47,31,21.81,76.83,6.35,280,4.57,Low
67,36,74,31.0,89.62,6.94,87,4.28,Medium
89,68,27,34.7,66.9,6.62,289,5.18,High
61,64,20,25.21,78.13,6.53,158,3.99,Low
105,39,75,18.99,68.24,6.15,129,4.98,Low
117,29,78,32.05,58.58,6.89,251,5.57,High
72,67,44,33.87,87.29,5.77,143,4.64,High
107,23,73,20.07,80.4,5.87,284,5.61,Low
77,33,45,30.03,77.74,6.9,232,4.52,Medium
117,36,37,22.81,57.22,5.74,94,4.21,High
80,51,23,18.81,85.81,5.71,263,4.74,High
99,49,70,28.35,70.93,6.05,138,5.03,Medium
70,57,20,26.21,55.76,7.34,177,3.89,High
76,40,45,31.25,66.9,5.86,174,4.22,Medium
108,54,23,26.69,77.83,6.12,267,5.2,Low
112,68,23,28.36,85.8,5.54,178,5.13,High
102,75,74,27.84,67.66,5.7,102,5.37,High
74,29,60,33.45,64.56,6.66,207,4.4,High
115,67,54,24.06,75.36,7.16,217,5.77,Low
78,46,29,29.11,73.6,6.7,133,3.95,Medium
78,71,42,21.33,51.51,6.53,249,4.94,Low
76,34,79,19.31,65.35,6.67,223,4.92,Low
52,63,31,28.67,74.92,6.96,272,4.54,Medium
110,57,29,29.16,77.0,7.13,209,5.08,Medium
57,30,66,30.87,55.31,6.3,81,3.51,Medium
108,55,29,23.1,65.1,5.91,298,5.34,Low
101,30,73,25.5,52.56,6.89,276,5.31,Low
93,70,45,20.13,57.98,5.65,163,4.86,High
